org_id,org_name,domain,employee_range,created_at
100000001,Aidatum Co,aidatumco.com,250-499,2024-04-05T06:44:49Z
100000002,Datalytics Pros,datalyticspros.com,250-499,2024-04-05T18:59:43Z
100000003,Infiniti Insights Co,infinitiinsightsco.com,100-249,2024-04-05T15:52:40Z
100000004,Data Digm Group,datadigmgroup.com,0-9,2024-04-05T09:59:22Z
100000005,Data Minds,dataminds.net,0-9,2024-04-06T01:08:43Z
100000006,Aiscape,aiscape.biz,50-99,2024-04-06T13:29:16Z
100000007,Data Mind Labs,datamindlabs.com,50-99,2024-04-06T18:47:33Z
100000008,Data Driven Labs,datadrivenlabs.com,50-99,2024-04-07T16:36:17Z
100000009,Data Insight Solutions,datainsightsolutions.com,500-1000,2024-04-07T03:09:10Z
100000010,AIalytics,aialytics.io,250-499,2024-04-08T00:11:05Z
100000011,Tech Algo Solutions,techalgosolutions.com,500-1000,2024-04-08T22:06:39Z
100000012,Brain Data Group,braindatagroup.com,0-9,2024-04-08T16:00:20Z
100000013,DataVise Inc,dataviseinc.com,0-9,2024-04-08T07:28:30Z
100000014,Intelli Insights,intelliinsights.ai,250-499,2024-04-09T21:01:18Z
100000015,DataLoom,dataloom.net,10-24,2024-04-09T02:35:20Z
100000016,Tech Dev Group,techdevgroup.com,100-249,2024-04-09T01:46:21Z
100000017,Tech Mind Inc,techmindinc.com,10-24,2024-04-09T15:19:03Z
100000018,Logico Designs,logicodesigns.com,0-9,2024-04-10T08:04:40Z
100000019,Data Lucid Labs,datalucidlabs.com,1000+,2024-04-10T02:49:05Z
100000020,Tech Knowlogix,techknowlogix.com,0-9,2024-04-10T05:42:55Z
100000021,Algozon,algozon.ai,25-49,2024-04-10T08:28:33Z
100000022,Data Revolve Solutions,datarevolvesolutions.com,10-24,2024-04-11T01:13:18Z
100000023,Tech Fusion Consulting,techfusionconsulting.com,500-1000,2024-04-11T12:25:52Z
100000024,Digital Data Experts,digitaldataexperts.com,50-99,2024-04-11T20:00:06Z
100000025,NexAnalytics,nexanalytics.net,1000+,2024-04-11T13:21:04Z
100000026,Datascape AI,datascapeai.com,250-499,2024-04-11T04:53:10Z
100000027,Cyber Forge,cyberforge.com,250-499,2024-04-12T23:41:29Z
100000028,Data Granulex,datagranulex.com,0-9,2024-04-12T07:36:07Z
100000029,DataLytics,datalytics.com,0-9,2024-04-13T00:12:02Z
100000030,Innovate Tech Labs,innovatetechlabs.com,250-499,2024-04-13T20:46:54Z
100000031,InData Fusion,indatafusion.co,100-249,2024-04-13T23:45:15Z
100000032,Tech Fusion,techfusion.co,500-1000,2024-04-13T21:43:03Z
100000033,Data Labs Co.,datalabsco.com,100-249,2024-04-13T13:30:39Z
100000034,Data Mind Group,datamindgrp.com,100-249,2024-04-14T02:25:50Z
100000035,Smart Analyst Labs,smartanalystlabs.com,500-1000,2024-04-14T19:33:50Z
100000036,Data Virtuosos,datavirtuosos.com,50-99,2024-04-14T08:31:21Z
100000037,Data Sense IA,datasenseia.com,500-1000,2024-04-14T15:20:27Z
100000038,Data Solutions,datasolv.com,50-99,2024-04-15T21:40:36Z
100000039,Data Vision Labs,datavisionlabs.com,50-99,2024-04-15T21:34:29Z
100000040,TechVistix AI,techvistix.ai,500-1000,2024-04-15T03:01:01Z
100000041,Brainwave Insight,brainwaveinsight.com,10-24,2024-04-15T01:08:29Z
100000042,DataQuest Techs,dataquesttechs.com,1000+,2024-04-16T16:49:12Z
100000043,Future Tech Labs,futuretechlabs.com,500-1000,2024-04-16T19:12:04Z
100000044,Data Genie,datagenie.com,500-1000,2024-04-17T00:17:37Z
100000045,Data Magic,datamagic.com,100-249,2024-04-16T17:27:26Z
100000046,Analytics Solutions,analyticssol.com,10-24,2024-04-17T20:08:44Z
100000047,Algorhythmix,algorhythmix.io,25-49,2024-04-17T14:09:38Z
100000048,Data Ventures,dataventures.net,25-49,2024-04-17T13:53:49Z
100000049,Global Data Insights,globaldatainsights.com,50-99,2024-04-17T17:05:33Z
100000050,Data Science Dynamics,datasciencedynamics.co,250-499,2024-04-18T17:54:20Z
100000051,Data Science Techies,datasciencetechies.com,0-9,2024-04-18T16:38:31Z
100000052,Data Visionaire,datavisionaire.com,500-1000,2024-04-18T13:20:14Z
100000053,Data Tech Insights,datatechinsights.com,50-99,2024-04-18T12:32:25Z
100000054,Intellidata,intellidata.org,1000+,2024-04-19T12:05:09Z
100000055,Robotics Solutions Inc,roboticssolutionsinc.com,1000+,2024-04-19T10:17:59Z
100000056,Tech Bright AI,techbrightai.com,0-9,2024-04-19T11:17:16Z
100000057,Analytic Insights Co,analyticinsightsco.com,10-24,2024-04-19T23:32:34Z
100000058,Data Sense Insight,datasenseinsight.com,500-1000,2024-04-20T00:18:41Z
100000059,Tech Enabled Insights,techenabledinsights.com,500-1000,2024-04-20T20:51:15Z
100000060,Data Visionary,datavisionary.io,10-24,2024-04-20T10:44:45Z
100000061,Tech Wiz Solutions,techwizsolutions.com,50-99,2024-04-20T13:00:00Z
100000062,Intelliscope Technologies,intelliscope.biz,250-499,2024-04-20T02:43:40Z
100000063,Tech Mind,techmind.io,1000+,2024-04-21T15:36:39Z
100000064,Data Mindset,datamindset.org,500-1000,2024-04-21T20:33:10Z
100000065,Insight Echo,insightecho.com,250-499,2024-04-21T03:54:29Z
100000066,Quantify Tech Group,quantifytechgroup.com,100-249,2024-04-21T08:03:04Z
100000067,Tech Spark,techspark.ai,25-49,2024-04-22T11:02:24Z
100000068,Databotix Solutions,databotixsolutions.com,25-49,2024-04-22T04:49:08Z
100000069,Data Discovery Solutions,datadiscoverysol.com,500-1000,2024-04-22T10:37:20Z
100000070,AI Insight Solutions,aiinsightsolutions.com,500-1000,2024-04-22T20:23:16Z
100000071,AlgorithmX Co,algorithmxco.com,500-1000,2024-04-23T18:51:33Z
100000072,Tech Analyze Inc,techanalyzeinc.com,50-99,2024-04-23T05:01:09Z
100000073,Dive into AI,diveintoai.com,1000+,2024-04-23T08:45:02Z
100000074,DataMind,datamind.io,250-499,2024-04-24T00:44:20Z
100000075,Data Vantage,datavantage.io,250-499,2024-04-24T13:41:08Z
100000076,AI Hub,aihub.pro,10-24,2024-04-24T13:32:48Z
100000077,Smart Data Concepts,smartdataconcepts.com,500-1000,2024-04-24T03:45:02Z
100000078,Data Analytics Solutions,dataanalyticsolutions.com,50-99,2024-04-24T04:56:55Z
100000079,DataRise AI,datariseai.com,500-1000,2024-04-25T20:51:10Z
100000080,Impact Ascend,impactascend.com,0-9,2024-04-25T08:13:34Z
100000081,Big Data Commerce,bigdatacomerce.ai,10-24,2024-04-25T08:18:16Z
100000082,Spark Analytica,sparkanalytica.com,10-24,2024-04-25T09:36:46Z
100000083,Analytic Cloud Solutions,analyticcloudsolutions.org,10-24,2024-04-26T20:38:08Z
100000084,Tech Inogen,techinogen.com,0-9,2024-04-26T06:40:11Z
100000085,Big Data Brain,bigdatabrain.com,25-49,2024-04-26T01:50:52Z
100000086,Brainstorm AI,brainstormai.io,250-499,2024-04-26T23:35:30Z
100000087,TechLinker,techlinker.co,500-1000,2024-04-27T01:43:39Z
100000088,Data Scendo,datascendo.com,1000+,2024-04-27T06:51:59Z
100000089,Tech Insightify,techinsightify.tech,1000+,2024-04-27T18:42:37Z
100000090,TechMetricia,techmetricia.com,500-1000,2024-04-28T17:28:40Z
100000091,Data Visions,datavisions.biz,0-9,2024-04-28T11:15:15Z
100000092,Analyze Group,analyzegroup.com,10-24,2024-04-28T18:45:43Z
100000093,Tech Data Labs,techdatalabs.com,0-9,2024-04-29T07:01:35Z
100000094,Virtual Data Gurus,virtualdatagurus.com,500-1000,2024-04-29T15:24:20Z
100000095,Data Solutions Group,datasolutionsgroup.com,10-24,2024-04-29T08:34:43Z
100000096,Insight Edge IO,insightedgeio.com,25-49,2024-04-29T01:44:58Z
100000097,Tech Innovations Corp,techinnovationscorp.com,10-24,2024-04-30T20:14:44Z
100000098,Tech Data Experts,techdataexperts.com,0-9,2024-04-30T07:40:15Z
100000099,Tech Analyze,techanalyze.net,0-9,2024-04-30T13:09:17Z
100000100,Data Vibes Inc,datavibesinc.com,50-99,2024-04-30T17:45:39Z
100000101,Machine Learnix,machinelearnix.com,250-499,2024-04-30T10:05:52Z
100000102,Intellisoft Techs,intellisofttechs.com,0-9,2024-05-01T15:55:55Z
100000103,Bit Brainz Tech,bitbrainztech.com,25-49,2024-05-01T17:43:20Z
100000104,Analytix Tech Works,analytixtechworks.com,250-499,2024-05-01T03:13:19Z
100000105,Algorithmia,algorithmia.tech,50-99,2024-05-01T08:33:19Z
100000106,Intelli Sync,intellisync.com,0-9,2024-05-02T13:33:05Z
100000107,DataSpark Co,datasparkco.com,0-9,2024-05-02T08:26:31Z
100000108,Tech AI Wise,techaiwise.co,0-9,2024-05-02T09:23:49Z
100000109,Tech Wave,techwave.io,100-249,2024-05-02T10:45:00Z
100000110,AI Innovate Solutions,aiinnovatesolutions.com,50-99,2024-05-02T20:20:55Z
100000111,Intelli Data Fusion,intellidatafusion.com,25-49,2024-05-03T12:44:25Z
100000112,Data Tech Group,datatechgroup.com,500-1000,2024-05-03T21:51:26Z
100000113,Data Mindset,datamindset.com,1000+,2024-05-03T23:36:14Z
100000114,Space Data Co,spacedataco.com,25-49,2024-05-03T11:40:04Z
100000115,Insight Cloud Labs,insightcloudlabs.com,1000+,2024-05-03T08:06:31Z
100000116,Cloud Scope,cloudscope.co,250-499,2024-05-04T00:40:51Z
100000117,Techno Drive AI,technodriveai.com,250-499,2024-05-04T10:23:26Z
100000118,Cyberdata,cyberdata.co,10-24,2024-05-04T04:30:16Z
100000119,Digivision,digivision.co,0-9,2024-05-05T17:16:32Z
100000120,Infinivolve,infinivolve.com,0-9,2024-05-05T19:31:34Z
100000121,Data Questers Inc,dataquestersinc.com,0-9,2024-05-05T17:54:59Z
100000122,Analytic Insight Techs,analyticinsighttechs.com,0-9,2024-05-05T00:43:13Z
100000123,Solvera,solvera.tech,250-499,2024-05-06T10:19:20Z
100000124,Data Dreams,datadreams.org,100-249,2024-05-06T05:59:12Z
100000125,AI Insights Co,aiinsightsco.com,50-99,2024-05-06T01:58:44Z
100000126,Data Forge Co,dataforgeco.com,10-24,2024-05-06T09:23:48Z
100000127,Data Spark,dataspark.com,0-9,2024-05-06T20:02:21Z
100000128,Data Science Solutions,datasciencesolutions.com,25-49,2024-05-07T22:47:34Z
100000129,Data Maze,datamaze.ai,250-499,2024-05-07T19:14:18Z
100000130,Smart Data Experts,smartdataexperts.com,500-1000,2024-05-07T21:08:27Z
100000131,Tech Data Algorithms Systems,techdataalgorithmssystems.com,500-1000,2024-05-07T06:01:02Z
100000132,Code Cruncher,codecruncher.com,25-49,2024-05-08T19:37:53Z
100000133,Data Mine,datamine.co,0-9,2024-05-08T17:19:30Z
100000134,Virtual Intelligence Co,virtualintelligenceco.com,25-49,2024-05-08T05:38:39Z
100000135,Analytic Works,analyticworks.com,100-249,2024-05-08T06:26:52Z
100000136,Anavolve,anavolve.com,10-24,2024-05-09T15:26:32Z
100000137,Tech Data Group,techdatagroup.com,1000+,2024-05-09T03:01:40Z
100000138,Data View Corp,dataviewcorp.com,100-249,2024-05-09T03:06:07Z
100000139,Neuralink Techs,neuralinktechs.com,0-9,2024-05-09T09:58:14Z
100000140,Data Sentinel,datasentinel.com,10-24,2024-05-09T18:09:30Z
100000141,Databot Services,databotservices.com,500-1000,2024-05-10T23:22:41Z
100000142,Tech Brainiacs Co,techbrainiacsco.com,250-499,2024-05-10T05:33:55Z
100000143,Data Minds,dataminds.com,1000+,2024-05-10T02:56:17Z
100000144,Technox,technox.ai,10-24,2024-05-11T13:30:55Z
100000145,Digi Works Inc,digiworksinc.com,100-249,2024-05-11T19:19:41Z
100000146,Tech Spectrum,techspectrum.ai,250-499,2024-05-11T07:12:05Z
100000147,Data Future,datafuture.co,500-1000,2024-05-11T08:26:46Z
100000148,TechDeep AI,techdeep.ai,500-1000,2024-05-12T08:17:43Z
100000149,BrainWave,brainwave.co,0-9,2024-05-12T12:24:45Z
100000150,Cloud Metrica,cloudmetrica.com,250-499,2024-05-12T12:17:18Z
100000151,Data Smith,datasmith.net,1000+,2024-05-13T05:35:27Z
100000152,Technovia,technovia.com,500-1000,2024-05-13T06:16:10Z
100000153,Tech Mind Group,techmindgroup.io,10-24,2024-05-13T08:40:51Z
100000154,Data Sense,datasense.ai,25-49,2024-05-13T14:57:16Z
100000155,Data Grand Tech,datagrandtech.com,50-99,2024-05-14T01:56:40Z
100000156,Spark Vision,sparkvision.ai,25-49,2024-05-14T23:36:50Z
100000157,Data Insights Guru,datainsightsguru.com,250-499,2024-05-14T18:36:39Z
100000158,Tech Logic Bits,techlogicbits.com,25-49,2024-05-14T01:29:41Z
100000159,Tech Core Inc,techcoreinc.com,0-9,2024-05-14T07:06:51Z
100000160,Tech Insight Labs,techinsightlabs.com,0-9,2024-05-15T05:55:41Z
100000161,Datalyze,datalyze.io,25-49,2024-05-15T13:54:18Z
100000162,Data Dreamers Inc,datadreamersinc.com,250-499,2024-05-15T04:52:51Z
100000163,Tech Data Works,techdataworks.com,10-24,2024-05-15T20:52:03Z
100000164,AI Experts Solutions,aiexpertssolutions.com,100-249,2024-05-16T09:48:11Z
100000165,Data Vizion Group,dataviziongroup.com,500-1000,2024-05-16T11:25:38Z
100000166,AnalytX Solutions,analytxsolutions.com,100-249,2024-05-16T01:26:49Z
100000167,Sensory Data Inc,sensorydatainc.com,25-49,2024-05-16T05:49:51Z
100000168,Data Sci Co,datascico.com,1000+,2024-05-16T21:39:18Z
100000169,Data Wisdom,datawisdom.io,100-249,2024-05-17T03:13:23Z
100000170,Data Dynamics Inc.,datadynamicsinc.com,100-249,2024-05-17T23:06:25Z
100000171,Quantum Data Corp,quantumdatacorp.com,1000+,2024-05-17T02:43:41Z
100000172,Data Science Center,datasciencenter.com,0-9,2024-05-17T18:53:57Z
100000173,Data Mine Corp,dataminecorp.com,25-49,2024-05-18T03:28:55Z
100000174,Data Guru Solutions,datagurusolutions.com,25-49,2024-05-18T13:49:57Z
100000175,Alfa Analytics,alfaanalytics.io,25-49,2024-05-18T03:42:52Z
100000176,Innova Tech,innovatech.com,0-9,2024-05-18T05:27:12Z
100000177,AI Informatics Co.,aiinformaticsco.com,10-24,2024-05-19T08:05:41Z
100000178,Giga Analytica,gigaanalytica.com,50-99,2024-05-19T09:23:21Z
100000179,Data Science Corp,datasciencecorp.com,0-9,2024-05-19T01:47:43Z
100000180,Tech Beam,techbeam.ai,25-49,2024-05-19T12:11:52Z
100000181,Smart Layer AI,smartlayerai.com,1000+,2024-05-19T13:02:17Z
100000182,Analyze Streams Inc,analyzestreamsinc.com,50-99,2024-05-20T00:19:13Z
100000183,Data Sci Quest,datasciquest.com,1000+,2024-05-21T00:02:18Z
100000184,Tech Datalyte,techdatalyte.com,500-1000,2024-05-20T23:12:05Z
100000185,Techno Data Group,technodatagroup.com,100-249,2024-05-20T08:01:51Z
100000186,Data Pulse,datapulse.ai,100-249,2024-05-20T01:30:23Z
100000187,Cyber Link Tech,cyberlinktech.com,100-249,2024-05-21T10:41:36Z
100000188,AlgoRhythmix,algorhythmix.com,25-49,2024-05-21T06:55:07Z
100000189,Analyticalab,analyticalab.org,10-24,2024-05-21T15:31:09Z
100000190,The Data Hub,thedatahub.org,50-99,2024-05-21T14:32:47Z
100000191,Digilytics,digilytics.net,100-249,2024-05-21T09:35:17Z
100000192,Brain Wave AI,brainwaveai.com,500-1000,2024-05-22T11:53:01Z
100000193,Intelli Data Works,intellidataworks.biz,50-99,2024-05-22T00:33:51Z
100000194,Insightech,insightech.com,0-9,2024-05-22T16:50:33Z
100000195,Neuro Nova,neuronova.com,50-99,2024-05-22T16:04:23Z
100000196,Tech Fusion Insight,techfusioninsight.com,500-1000,2024-05-23T17:44:34Z
100000197,Infosight Data,infosightdata.com,50-99,2024-05-23T19:55:12Z
100000198,Data Wave,datawave.com,0-9,2024-05-23T14:37:18Z
100000199,InnovaTech Corp.,innovatechcorp.co,250-499,2024-05-23T18:22:43Z
100000200,AI Inspire Tech,aiinspiretech.com,0-9,2024-05-24T13:13:13Z
100000201,Tech Meta,techmeta.com,1000+,2024-05-24T10:43:25Z
100000202,Cyber Mind Tech,cybermindtech.com,50-99,2024-05-24T14:30:51Z
100000203,Data Boost Genius,databoostgenius.ai,0-9,2024-05-25T11:13:27Z
100000204,Tech Know,techknow.co,1000+,2024-05-25T03:06:58Z
100000205,Tech Data Forge,techdataforge.com,250-499,2024-05-25T12:29:45Z
100000206,Big Data Corp,bigdatacorp.com,10-24,2024-05-25T09:40:29Z
100000207,Code Nova,codenova.com,25-49,2024-05-25T00:52:12Z
100000208,Data Dive Group,datadivegroup.com,25-49,2024-05-26T02:27:45Z
100000209,AIHubIQ,aihubiq.com,10-24,2024-05-26T23:18:35Z
100000210,Data Dronix,datadronix.co,50-99,2024-05-26T03:05:52Z
100000211,Tech Data Services,techdataservices.org,100-249,2024-05-26T11:37:26Z
100000212,Data Matrix Pro,datamatrixpro.com,10-24,2024-05-26T01:52:40Z
100000213,Big Data Visionary,bigdatavisionary.com,50-99,2024-05-27T10:37:10Z
100000214,Intelligent Data,intelligentdata.com,250-499,2024-05-27T08:38:00Z
100000215,AutoMatech Inc,automatechinc.com,10-24,2024-05-27T11:00:11Z
100000216,Datalytics,datalytics.biz,500-1000,2024-05-27T13:58:07Z
100000217,DataMind,datamind.com,500-1000,2024-05-27T16:21:07Z
100000218,Tech Logic,techlogic.com,25-49,2024-05-28T08:30:26Z
100000219,Datavance Co,datavanceco.com,500-1000,2024-05-28T20:04:30Z
100000220,Data Minds Inc.,datamindsinc.com,100-249,2024-05-28T22:46:02Z
100000221,Neurologix,neurologix.ai,25-49,2024-05-28T02:17:19Z
100000222,Tech Data Intelligence Inc.,techdataintelligenceinc.com,250-499,2024-05-29T09:35:33Z
100000223,Tech Data Fusion,techdatafusion.com,10-24,2024-05-29T14:14:12Z
100000224,Data Lytics 360,datalytics360.com,10-24,2024-05-29T19:40:28Z
100000225,Cyber Data Solutions,cyberdatasol.com,100-249,2024-05-29T06:04:36Z
100000226,Data Spring Tech,dataspringtech.com,25-49,2024-05-30T09:35:42Z
100000227,Data Skills Net,dataskillsnet.com,250-499,2024-05-30T07:47:39Z
100000228,AnalyDev,analydev.com,500-1000,2024-05-30T04:29:08Z
100000229,Cyber Analytix,cyberanalytix.com,1000+,2024-05-30T19:04:56Z
100000230,AI Empower Tech,aiempowertech.com,10-24,2024-05-31T13:09:24Z
100000231,Analyti Cube,analyticube.com,25-49,2024-05-31T18:41:26Z
100000232,Innovatech Corp,innovatechcorp.com,10-24,2024-05-31T19:58:53Z
100000233,Digitalytics,digitalytics.com,25-49,2024-05-31T12:50:06Z
100000234,InnoData Group,innodatagroup.net,500-1000,2024-05-31T10:41:56Z
100000235,Tech Insight Group,techinsightgroup.com,1000+,2024-06-01T21:02:13Z
100000236,Datalytics Co,datalyticsco.com,500-1000,2024-06-01T13:43:30Z
100000237,Cyber Synapse,cybersynapse.com,0-9,2024-06-01T03:21:02Z
100000238,Data Vision Co,datavisionco.com,100-249,2024-06-01T07:36:23Z
100000239,AI Accelerate Corp,aiacceleratecorp.com,0-9,2024-06-02T11:27:17Z
100000240,Byte Burst,byteburst.com,0-9,2024-06-02T07:36:50Z
100000241,Tech Smart Code,techsmartcode.com,0-9,2024-06-02T06:59:52Z
100000242,Data Wise,datawise.com,25-49,2024-06-02T03:51:49Z
100000243,Innova Data Solutions,innovadatasolutions.com,25-49,2024-06-02T14:13:31Z
100000244,DataXcelerate,dataxcelerate.biz,500-1000,2024-06-03T08:53:06Z
100000245,Analytiverse,analytiverse.co,50-99,2024-06-03T18:54:20Z
100000246,Data Fusion Tech,datafusiontech.com,25-49,2024-06-03T12:17:41Z
100000247,Data Core Tech,datacoretech.com,25-49,2024-06-03T22:36:46Z
100000248,Data Sense Corp,datasensecorp.com,250-499,2024-06-04T11:47:46Z
100000249,Data Scientifics,datascientifics.com,10-24,2024-06-04T21:50:53Z
100000250,DataWise Inc,datawiseinc.com,50-99,2024-06-04T05:30:53Z
100000251,Sensor Delta Tech,sensordeltatech.com,100-249,2024-06-04T22:38:14Z
100000252,Adaptive Mind,adaptivemind.ai,100-249,2024-06-05T02:52:06Z
100000253,Inno Data Trends,innodatatrends.com,100-249,2024-06-05T16:29:32Z
100000254,Insight Data Labs,insightdatalabs.com,250-499,2024-06-05T22:45:51Z
100000255,Data Spire Tech,dataspiretech.com,0-9,2024-06-05T14:47:16Z
100000256,Tech Mind,techmind.biz,500-1000,2024-06-05T21:47:12Z
100000257,Tech Data Co,techdataco.com,10-24,2024-06-06T22:33:09Z
100000258,Data Direct Connect,datadirectconnect.com,1000+,2024-06-06T15:35:26Z
100000259,Data Matrix Labs,datamatrixlabs.com,25-49,2024-06-06T06:55:45Z
100000260,Cyber Hub,cyberhub.io,0-9,2024-06-07T07:06:16Z
100000261,Intelli Data Corp,intellidatacorp.com,1000+,2024-06-07T13:36:06Z
100000262,DataDreamz,datadreamz.com,250-499,2024-06-07T06:39:01Z
100000263,Data Innovate Solutions,datainnovatesolutions.com,250-499,2024-06-07T08:15:49Z
100000264,Data Fusion Corp,datafusioncorp.com,100-249,2024-06-08T08:21:55Z
100000265,AlgorithmiaX,algorithmiax.com,25-49,2024-06-08T11:03:59Z
100000266,Smart Data Fusion Tech,smartdatafusiontech.com,250-499,2024-06-08T06:25:40Z
100000267,Technalyze AI,technalyzeai.com,100-249,2024-06-09T06:56:12Z
100000268,Data Spark AI,datasparkai.com,250-499,2024-06-09T03:20:27Z
100000269,Analy Tech,analytech.com,1000+,2024-06-09T04:22:06Z
100000270,Analytic Bytes,analyticbytes.com,25-49,2024-06-09T23:11:18Z
100000271,Data Dash,datadash.co,100-249,2024-06-10T02:54:06Z
100000272,Analytical Minds Co,analyticalmindsco.com,250-499,2024-06-10T09:03:59Z
100000273,Data Visionix,datavisionix.com,50-99,2024-06-10T12:15:12Z
100000274,Tech Sphere Inc,techsphereinc.com,50-99,2024-06-10T00:42:14Z
100000275,Computer Vision Techs,computervisiontechs.com,100-249,2024-06-11T21:29:39Z
100000276,AnalysiQA,analysiqa.com,10-24,2024-06-11T01:12:07Z
100000277,Data Science Professionals,datascienceprof.com,25-49,2024-06-11T01:00:33Z
100000278,Tech Data Science,techdatascience.com,250-499,2024-06-11T15:58:27Z
100000279,Smart Insights,smartinsights.com,50-99,2024-06-11T20:55:37Z
100000280,Datum Global,datumglobal.co,10-24,2024-06-12T21:52:28Z
100000281,Data Fusion Works,datafusionworks.com,250-499,2024-06-12T03:02:59Z
100000282,TechSync,techsync.com,0-9,2024-06-12T23:43:23Z
100000283,Data Dive,datadive.co,250-499,2024-06-12T04:34:38Z
100000284,Think Data Sphere,thinkdatasphere.com,25-49,2024-06-12T14:44:54Z
100000285,Cyber Inovate,cyberinovate.com,100-249,2024-06-13T23:12:48Z
100000286,Data Omega,dataomega.ai,0-9,2024-06-13T07:08:38Z
100000287,Digital Data Works,digitaldataworks.com,0-9,2024-06-13T10:13:49Z
100000288,Data Harvesters Inc,dataharvestersinc.com,50-99,2024-06-13T10:20:28Z
100000289,Analytic Insights Group,analyticinsightsgroup.com,10-24,2024-06-13T09:15:29Z
100000290,Code Innovate,codeinnovate.com,1000+,2024-06-14T14:31:00Z
100000291,Data Doctors Inc.,datadoctorsinc.com,100-249,2024-06-14T15:09:55Z
100000292,AI Innovations Inc,aiinnovationsinc.com,50-99,2024-06-14T22:33:14Z
100000293,Big Brain Analytics,bigbrainanalytics.com,1000+,2024-06-14T09:27:55Z
100000294,Byte Bit,bytebit.com,50-99,2024-06-15T09:05:37Z
100000295,Neural Fusion,neuralfusion.io,100-249,2024-06-15T08:15:04Z
100000296,InfoTech Forge,infotechforge.com,500-1000,2024-06-15T02:34:32Z
100000297,Cyber Defense Solutions,cyberdefensesol.com,0-9,2024-06-15T23:29:31Z
100000298,DataDigm Corp,datadigmcorp.com,25-49,2024-06-16T04:07:19Z
100000299,Tech Bridge Corp,techbridgecorp.com,1000+,2024-06-16T14:37:25Z
100000300,Analyzix Solutions Inc,analyzixsolutionsinc.com,500-1000,2024-06-16T11:28:23Z
100000301,Datagility Inc,datagilityinc.com,25-49,2024-06-17T16:56:10Z
100000302,AI and Beyond Corp,aiandbeyondcorp.com,25-49,2024-06-17T01:19:47Z
100000303,DataLoop,dataloop.com,50-99,2024-06-17T09:07:24Z
100000304,Data Groves,datagroves.co,250-499,2024-06-17T01:48:19Z
100000305,Tech Visionary,techvisionary.co,100-249,2024-06-18T17:44:43Z
100000306,Smart Byte Group,smartbytegroup.com,500-1000,2024-06-18T04:48:13Z
100000307,Tech Bytes,techbytes.com,100-249,2024-06-18T08:17:09Z
100000308,Intelligence Tech Systems,intelligencetechsys.com,0-9,2024-06-18T01:13:00Z
100000309,Data Discovery Sciences,datadiscoverysciences.com,0-9,2024-06-19T20:43:30Z
100000310,DataDex,datadex.com,25-49,2024-06-19T23:02:16Z
100000311,Semantic Scope,semanticscope.com,0-9,2024-06-19T22:57:45Z
100000312,Tech Datalytics,techdatalytics.com,0-9,2024-06-19T14:13:18Z
100000313,Info Bridge,infobridge.co,100-249,2024-06-20T00:56:32Z
100000314,Algo Insight,algoinsight.io,500-1000,2024-06-20T00:32:57Z
100000315,Tech Data Pulse,techdatapulse.com,100-249,2024-06-20T06:48:16Z
100000316,Inno Quest,innoquest.biz,100-249,2024-06-20T15:50:15Z
100000317,Tech Analytix Group,techanalytixgroup.com,50-99,2024-06-21T18:35:49Z
100000318,Logic Data Science,logicdatascience.com,0-9,2024-06-21T10:59:27Z
100000319,Tech Visionary,techvisionary.biz,250-499,2024-06-21T13:29:54Z
100000320,Algo Quest,algoquest.io,25-49,2024-06-21T03:09:50Z
100000321,Botwise Inc,botwiseinc.com,0-9,2024-06-22T10:33:49Z
100000322,Tech Mindset,techmindset.com,1000+,2024-06-22T05:47:06Z
100000323,Bright Data Systems,brightdatasys.tech,50-99,2024-06-22T12:48:29Z
100000324,TechComputeIQ,techcomputeiq.com,1000+,2024-06-22T08:07:02Z
100000325,Self-Driving Techs,selfdrivingtechs.com,50-99,2024-06-22T09:07:48Z
100000326,Tech Byte Corp,techbytecorp.com,50-99,2024-06-23T06:53:17Z
100000327,Intelli Compute,intellicompute.com,0-9,2024-06-23T11:00:25Z
100000328,Tech Veya,techveya.com,50-99,2024-06-23T20:38:48Z
100000329,Tech Genius Data,techgeniusdata.com,500-1000,2024-06-23T18:43:58Z
100000330,AI Accelerate Works,aiaccelerateworks.com,500-1000,2024-06-24T01:42:37Z
100000331,Datum Technologies,datumtechnologies.com,250-499,2024-06-24T23:11:38Z
100000332,DataMerge,datamerge.com,50-99,2024-06-24T18:12:05Z
100000333,Datum Industries,datumindustries.com,25-49,2024-06-25T13:09:41Z
100000334,Data Gigantica,datagigantica.com,100-249,2024-06-25T15:33:34Z
100000335,Tech Fusion Tech,techfusiontech.com,10-24,2024-06-25T22:13:57Z
100000336,AI Innovation Solutions,aiinnovationsolutions.com,10-24,2024-06-25T18:46:08Z
100000337,Data Science Labs Inc,datasciencelabsinc.com,0-9,2024-06-26T10:01:48Z
100000338,Fusion AI Works,fusionaiworks.com,25-49,2024-06-26T18:52:55Z
100000339,Data IQ Techno,dataiqtechno.com,100-249,2024-06-26T20:03:57Z
100000340,Auto Insights Tech,autoinsights.tech,250-499,2024-06-27T17:18:23Z
100000341,Data Spark Labs,datasparklabs.io,50-99,2024-06-27T05:55:55Z
100000342,Super Tech Data,supertechdata.com,0-9,2024-06-27T20:18:27Z
100000343,Predictive Analytics,predictanalytics.co,1000+,2024-06-27T05:04:34Z
100000344,AI Industries,aiindustries.com,10-24,2024-06-27T22:42:17Z
100000345,Tech DataFusion,techdatafusion.io,50-99,2024-06-28T00:44:43Z
100000346,Data Foundry,datafoundry.pro,100-249,2024-06-28T10:42:34Z
100000347,Smart Data Mind,smartdatamind.com,25-49,2024-06-28T13:48:05Z
100000348,Data Fusion Techs,datafusiontechs.com,1000+,2024-06-28T11:11:03Z
100000349,Data Metrics Team,datametricsteam.com,250-499,2024-06-28T08:15:34Z
100000350,Analy Terrain Solutions,analyterrainsolutions.com,50-99,2024-06-29T10:52:28Z
100000351,Data Fusion Tech,datafusiontech.org,250-499,2024-06-29T07:54:10Z
100000352,Data Linkage,datalinkage.io,0-9,2024-06-29T23:57:08Z
100000353,Datanetixs,datanetixs.co,500-1000,2024-06-29T16:17:05Z
100000354,Tech Analytic Inc,techanalyticinc.com,500-1000,2024-06-30T18:57:12Z
100000355,Data Dive,datadive.ai,500-1000,2024-06-30T00:44:39Z
100000356,Tech Data Analysts,techdataanalysts.com,500-1000,2024-07-01T00:07:30Z
100000357,Artificial Mind Co,artificialmindco.com,500-1000,2024-06-30T19:50:24Z
100000358,Info Insight,infoinsight.co,500-1000,2024-07-01T17:09:26Z
100000359,Techlogix,techlogix.com,500-1000,2024-07-01T22:51:25Z
100000360,Analytic Pulse,analyticpulse.io,25-49,2024-07-01T17:15:17Z
100000361,Intellify Corp,intellifycorp.com,250-499,2024-07-01T16:02:33Z
100000362,Data Sphere Co,datasphereco.com,25-49,2024-07-01T10:07:12Z
100000363,Algorithmic Tech,algorithmictech.com,100-249,2024-07-02T23:11:39Z
100000364,Tech Data Gateway,techdatagateway.com,100-249,2024-07-02T00:57:30Z
100000365,Data Science Tech,datasciencetech.com,0-9,2024-07-02T12:27:46Z
100000366,Databrick Solutions,databricksolutions.com,0-9,2024-07-02T08:45:42Z
100000367,Insight Stream,insightstream.com,25-49,2024-07-03T05:47:39Z
100000368,Quantum Insight,quantuminsight.com,25-49,2024-07-03T12:52:14Z
100000369,Analytic Data Labs,analyticdatalabs.com,1000+,2024-07-03T01:22:10Z
100000370,Cyber Mind,cybermind.biz,10-24,2024-07-04T04:57:09Z
100000371,Tech Data Link,techdatalink.com,250-499,2024-07-04T05:59:00Z
100000372,Datalytics Corp,datalyticscorp.com,500-1000,2024-07-04T23:08:33Z
100000373,Data Blaze AI,datablazeai.com,500-1000,2024-07-05T21:44:03Z
100000374,Info Fusion,infofusion.com,0-9,2024-07-05T15:10:08Z
100000375,Data Scope,datascope.co,25-49,2024-07-05T10:30:49Z
100000376,Data Dynamics,datadynamics.org,100-249,2024-07-05T09:00:00Z
100000377,Algori Technet,algoritechnet.com,25-49,2024-07-06T23:47:04Z
100000378,Bit Data Tech,bitdatatech.com,100-249,2024-07-06T18:21:19Z
100000379,Infogainix,infogainix.com,0-9,2024-07-06T12:35:58Z
100000380,Algo Analytics,algoanalytics.io,25-49,2024-07-06T13:58:58Z
100000381,Alpha Byte,alphabyte.tech,50-99,2024-07-07T18:53:51Z
100000382,Mind Lens,mindlens.tech,25-49,2024-07-07T18:47:10Z
100000383,Analytic Pulse,analyticpulse.com,10-24,2024-07-07T23:09:18Z
100000384,Informatico Company,informaticompany.com,500-1000,2024-07-07T03:16:19Z
100000385,Infooptima,infooptima.io,50-99,2024-07-07T23:54:11Z
100000386,Insight Genic,insightgenic.com,500-1000,2024-07-08T12:05:01Z
100000387,Data Dive AI,datadiveai.com,0-9,2024-07-08T16:56:10Z
100000388,Analytix Systems,analytixsystems.com,500-1000,2024-07-08T11:44:03Z
100000389,Data Viewer,dataviewer.net,25-49,2024-07-08T20:13:14Z
100000390,Tech Futuristics,techfuturistics.co,1000+,2024-07-08T05:28:33Z
100000391,Techcogentia,techcogentia.com,25-49,2024-07-09T06:54:47Z
100000392,Bitwise Systems,bitwisesystems.com,100-249,2024-07-09T19:17:19Z
100000393,Analyzoid,analyzoid.io,50-99,2024-07-09T15:11:36Z
100000394,Data Visionary Co,datavisionaryco.com,1000+,2024-07-09T11:10:18Z
100000395,Cloud Mind AI,cloudmindai.com,10-24,2024-07-10T13:17:18Z
100000396,Data United Tech,dataunitedtech.com,0-9,2024-07-10T21:16:34Z
100000397,Data Solve,datasolve.com,500-1000,2024-07-10T09:08:47Z
100000398,Smart Data Group,smartdatagroup.com,25-49,2024-07-10T16:13:56Z
100000399,Analytix Sphere,analytixsphere.com,25-49,2024-07-11T00:52:06Z
100000400,Cloud Data Pulse,clouddatapulse.com,100-249,2024-07-11T15:44:53Z
100000401,AI Insight Consulting,aiinsightconsulting.com,10-24,2024-07-11T17:05:22Z
100000402,AI Mind,aimind.co,1000+,2024-07-12T05:40:38Z
100000403,Data Buzz,databuzz.co,100-249,2024-07-12T08:04:04Z
100000404,Neural Tech Group,neuraltechgroup.com,50-99,2024-07-12T03:39:27Z
100000405,Info Lytical,infolytical.com,500-1000,2024-07-12T08:52:52Z
100000406,AnalyzeNet,analyzenet.com,100-249,2024-07-13T12:10:22Z
100000407,Tech Byte,techbyte.com,250-499,2024-07-13T09:47:18Z
100000408,Tech Vance,techvance.com,250-499,2024-07-13T06:07:05Z
100000409,Algoraithm Solutions,algoraithmsol.com,250-499,2024-07-14T12:36:49Z
100000410,Mind Spectrum Technologies,mindspectrum.tech,10-24,2024-07-14T01:56:00Z
100000411,DatadynIQ,datadyniq.com,25-49,2024-07-14T14:30:16Z
100000412,Big Data Profs,bigdataprofs.com,0-9,2024-07-16T00:38:01Z
100000413,Neurologic AI,neurologicai.com,0-9,2024-07-16T09:37:38Z
100000414,QuantumScape AI,quantumscape.ai,0-9,2024-07-16T16:07:23Z
100000415,Data Luminova,dataluminova.com,500-1000,2024-07-16T16:34:51Z
100000416,Smart Data Co,smartdataco.com,10-24,2024-07-17T12:40:43Z
100000417,Data Scientia,datascientia.tech,25-49,2024-07-17T16:57:51Z
100000418,Data View Solutions,dataviewsolutions.com,50-99,2024-07-18T10:04:46Z
100000419,Data Engenius Co.,dataengeniusco.com,500-1000,2024-07-18T12:36:39Z
100000420,Data Scientro,datascientro.net,1000+,2024-07-18T11:03:00Z
100000421,AI World Corp,aiworldcorp.com,500-1000,2024-07-18T21:03:43Z
100000422,Logic Tech,logictech.com,10-24,2024-07-19T15:23:44Z
100000423,Cybervis,cybervis.com,50-99,2024-07-19T15:58:03Z
100000424,Tech Data Express,techdataexpress.com,50-99,2024-07-19T09:26:48Z
100000425,Data Flux,dataflux.io,100-249,2024-07-19T20:12:30Z
100000426,Analytic Oasis,analyticoasis.com,50-99,2024-07-20T12:37:14Z
100000427,Insightech Solutions,insightechsolutions.com,100-249,2024-07-20T18:53:50Z
100000428,Solvecto AI,solvectoai.com,25-49,2024-07-20T00:48:21Z
100000429,Datamind Insight,datamindinsight.com,25-49,2024-07-20T19:35:08Z
100000430,Data Gurus,datagurus.com,50-99,2024-07-21T12:59:16Z
100000431,Data Scripters,datascripters.com,100-249,2024-07-21T04:34:26Z
100000432,Tech Pulse,techpulse.tech,10-24,2024-07-21T07:17:17Z
100000433,Data Spark,dataspark.co,0-9,2024-07-22T20:37:27Z
100000434,Data Ignite Group,dataignitegroup.com,1000+,2024-07-22T17:45:07Z
100000435,Data Synth,datasynth.io,25-49,2024-07-22T06:03:31Z
100000436,Data Scientists Guild,datascientistsguild.com,1000+,2024-07-22T19:32:16Z
100000437,Quantum Data Labs,quantumdatalabs.com,250-499,2024-07-23T01:55:25Z
100000438,Sight Mind Tech,sightmindtech.com,500-1000,2024-07-23T02:20:57Z
100000439,Data Lytx,datalytx.com,250-499,2024-07-23T17:54:20Z
100000440,InfoTech Vision,infotechvision.com,10-24,2024-07-23T04:15:41Z
100000441,Data Fusion Tech Solutions,datafusiontechsolutions.io,50-99,2024-07-24T18:18:26Z
100000442,Insight Cloud Tech,insightcloudtech.com,500-1000,2024-07-24T02:30:54Z
100000443,Analyticorps,analyticorps.com,50-99,2024-07-24T16:24:05Z
100000444,Datagility,datagility.io,50-99,2024-07-25T06:22:32Z
100000445,Data Fusion Techs,datafusiontechs.org,25-49,2024-07-25T23:13:48Z
100000446,Data Science Systems,datasciencesystems.com,250-499,2024-07-25T16:53:02Z
100000447,Data Vibe Inc,datavibeinc.com,250-499,2024-07-25T12:47:55Z
100000448,Info Tech Fusion,infotechfusion.com,500-1000,2024-07-26T19:53:12Z
100000449,Data Scine Tech,datascinetech.com,100-249,2024-07-26T15:14:46Z
100000450,Data Gistix,datagistix.com,500-1000,2024-07-26T12:48:09Z
